Shop,SKU,Size,Price,Link
Heat Factory,BB3068,8.5,"15,000,000",https://heatfactory.vn/products/adidas-human-race-v1-black
Heat Factory,AQ2661,8,"13,000,000",https://heatfactory.vn/products/adidas-yeezy-350-oxford-tan
Heat Factory,B37572,4,"7,300,000",https://heatfactory.vn/products/adidas-yeezy-350-semi-frozen
Heat Factory,CT4328-101,6,"3,300,000",https://heatfactory.vn/products/air-force-1-07-white-blue-fire-pink
Heat Factory,CT4328-102,6.5,"3,300,000",https://heatfactory.vn/products/air-force-1-07-white-blue-fire-pink
Heat Factory,CT4328-102,7,"3,300,000",https://heatfactory.vn/products/air-force-1-07-white-blue-fire-pink
Heat Factory,CJ5290-400,8,"7,500,000",https://heatfactory.vn/products/air-force-1-clot-blue-silk
Heat Factory,CU9225-100,8,"8,500,000",https://heatfactory.vn/products/air-force-1-supreme
Heat Factory,CU9225-100,9,"7,800,000",https://heatfactory.vn/products/air-force-1-supreme
Heat Factory,CU9225-100,9.5,"7,800,000",https://heatfactory.vn/products/air-force-1-supreme
Heat Factory,CU9225-100,10.5,"7,800,000",https://heatfactory.vn/products/air-force-1-supreme
Heat Factory,CU9225-100,10,"8,500,000",https://heatfactory.vn/products/air-force-1-supreme
Heat Factory,CW1590-700,1Y,"4,200,000",https://heatfactory.vn/products/dunk-low-kid-michigan
Heat Factory,CW1588-700,11C,"4,200,000",https://heatfactory.vn/products/dunk-low-kid-michigan
Heat Factory,CW1588-701,6C,"4,200,000",https://heatfactory.vn/products/dunk-low-kid-michigan
Heat Factory,CW1590-100,2Y,"4,200,000",https://heatfactory.vn/products/dunk-low-kids-black
Heat Factory,BQ4422-100,7,"13,000,000",https://heatfactory.vn/products/jordan-1-high-neutral-grey-85
Heat Factory,907958-015,8.5,"11,500,000",https://heatfactory.vn/products/jordan-1-high-all-star
Heat Factory,555088-610,7Y,"18,500,000",https://heatfactory.vn/products/jordan-1-high-bredtoe
Heat Factory,555088-500,8.5,"7,300,000",https://heatfactory.vn/products/jordan-1-high-court-purple
Heat Factory,CD6579-071,8.5,"8,200,000",https://heatfactory.vn/products/jordan-1-high-defiant
Heat Factory,CK5666-100,8,"10,500,000",https://heatfactory.vn/products/jordan-1-high-fearless-unc-chicago
Heat Factory,CK5666-100,8.5,"10,500,000",https://heatfactory.vn/products/jordan-1-high-fearless-unc-chicago
Heat Factory,CK5666-100,9,"10,500,000",https://heatfactory.vn/products/jordan-1-high-fearless-unc-chicago
Heat Factory,CK5666-100,9.5,"10,500,000",https://heatfactory.vn/products/jordan-1-high-fearless-unc-chicago
Heat Factory,575441-403,7Y,"13,800,000",https://heatfactory.vn/products/jordan-1-high-game-royal
Heat Factory,861428-007,8.5,"14,200,000",https://heatfactory.vn/products/jordan-1-high-gold-toe
Heat Factory,555088-061,15,"6,000,000",https://heatfactory.vn/products/jordan-1-high-gym-red
Heat Factory,555088-402,9.5,"11,200,000",https://heatfactory.vn/products/jordan-1-high-hyper-royal-1
Heat Factory,555088-402,8,"11,200,000",https://heatfactory.vn/products/jordan-1-high-hyper-royal-1
Heat Factory,555088-402,8.5,"11,200,000",https://heatfactory.vn/products/jordan-1-high-hyper-royal-1
Heat Factory,575441-402,4.5Y,"11,200,000",https://heatfactory.vn/products/jordan-1-high-hyper-royal-1
Heat Factory,555088-401,8.5,"4,800,000",https://heatfactory.vn/products/jordan-1-high-hyper-royal
Heat Factory,575441-141,6.5Y,"11,000,000",https://heatfactory.vn/products/jordan-1-high-midnight-navy
Heat Factory,CD6578-006,8.5,"7,800,000",https://heatfactory.vn/products/jordan-1-high-nyc-to-paris
Heat Factory,575441-140,7Y,"15,500,000",https://heatfactory.vn/products/jordan-1-high-obsidian
Heat Factory,555088-700,8.5,"16,200,000",https://heatfactory.vn/products/jordan-1-high-rookie-of-the-year
Heat Factory,555088-007,8.5,"18,500,000",https://heatfactory.vn/products/jordan-1-high-royal-blue
Heat Factory,555088-041,7.5,"9,800,000",https://heatfactory.vn/products/jordan-1-high-royal-toe
Heat Factory,555088-041,8.5,"9,800,000",https://heatfactory.vn/products/jordan-1-high-royal-toe
Heat Factory,555088-041,9.5,"9,800,000",https://heatfactory.vn/products/jordan-1-high-royal-toe
Heat Factory,555088-014,8.5,"15,500,000",https://heatfactory.vn/products/jordan-1-high-shadow
Heat Factory,CD0461-001,7.5,"8,500,000",https://heatfactory.vn/products/jordan-1-high-silver-toe
Heat Factory,555088-126,9.5,"9,500,000",https://heatfactory.vn/products/jordan-1-high-smoke-grey
Heat Factory,575441-126,5Y,"8,500,000",https://heatfactory.vn/products/jordan-1-high-smoke-grey
Heat Factory,CD0461-601,8.5,"8,500,000",https://heatfactory.vn/products/jordan-1-high-snake-satin
Heat Factory,555088-602,8.5,"19,500,000",https://heatfactory.vn/products/jordan-1-high-spider-man-origin-story
Heat Factory,CD0461-100,7.5,"9,200,000",https://heatfactory.vn/products/jordan-1-high-tiedye
Heat Factory,DC1788-029,9.5,"8,500,000",https://heatfactory.vn/products/jordan-1-high-tokyo
Heat Factory,DC1788-029,10,"8,500,000",https://heatfactory.vn/products/jordan-1-high-tokyo
Heat Factory,DC1788-029,10.5,"8,500,000",https://heatfactory.vn/products/jordan-1-high-tokyo
Heat Factory,DC1788-029,11,"8,500,000",https://heatfactory.vn/products/jordan-1-high-tokyo
Heat Factory,555088-134,8.5,"12,800,000",https://heatfactory.vn/products/jordan-1-high-university-blue
Heat Factory,555088-134,9,"12,800,000",https://heatfactory.vn/products/jordan-1-high-university-blue
Heat Factory,555088-134,9.5,"12,800,000",https://heatfactory.vn/products/jordan-1-high-university-blue
Heat Factory,555088-134,8,"12,800,000",https://heatfactory.vn/products/jordan-1-high-university-blue
Heat Factory,CT0979-101,6.5,"6,200,000",https://heatfactory.vn/products/jordan-1-high-zoom-easter
Heat Factory,CT0979-107,7W,"6,300,000",https://heatfactory.vn/products/jordan-1-high-zoom-sail
Heat Factory,CT0979-107,8.5W,"6,300,000",https://heatfactory.vn/products/jordan-1-high-zoom-sail
Heat Factory,CT0979-602,7.5W,"8,500,000",https://heatfactory.vn/products/jordan-1-high-zoom-rust
Heat Factory,CZ1360-401,5.5W,"6,800,000",https://heatfactory.vn/products/jordan-1-high-zoom-sisterhood
Heat Factory,553558-112,5Y,"4,200,000",https://heatfactory.vn/products/jordan-1-low-all-white
Heat Factory,553558-112,6Y,"4,200,000",https://heatfactory.vn/products/jordan-1-low-all-white
Heat Factory,553558-112,6.5Y,"4,200,000",https://heatfactory.vn/products/jordan-1-low-all-white
Heat Factory,DC0774-005,7.5W,"4,500,000",https://heatfactory.vn/products/jordan-1-low-cactus-flower
Heat Factory,DC0774-602,7W,"7,500,000",https://heatfactory.vn/products/jordan-1-low-canyon-rust
Heat Factory,DC0774-602,7.5W,"7,500,000",https://heatfactory.vn/products/jordan-1-low-canyon-rust
Heat Factory,DD1650-001,8,"5,800,000",https://heatfactory.vn/products/jordan-1-low-carbon
Heat Factory,DC0774-603,6W,"5,500,000",https://heatfactory.vn/products/jordan-1-low-chicago-flip
Heat Factory,DC0774-603,6.5W,"5,500,000",https://heatfactory.vn/products/jordan-1-low-chicago-flip
Heat Factory,DC0774-603,7W,"5,500,000",https://heatfactory.vn/products/jordan-1-low-chicago-flip
Heat Factory,DC0774-603,7.5W,"5,500,000",https://heatfactory.vn/products/jordan-1-low-chicago-flip
Heat Factory,DC0774-603,8W,"5,500,000",https://heatfactory.vn/products/jordan-1-low-chicago-flip
Heat Factory,DC0774-603,8.5W,"5,500,000",https://heatfactory.vn/products/jordan-1-low-chicago-flip
Heat Factory,DC0774-603,9W,"5,500,000",https://heatfactory.vn/products/jordan-1-low-chicago-flip
Heat Factory,DC0774-603,10W,"5,500,000",https://heatfactory.vn/products/jordan-1-low-chicago-flip
Heat Factory,DC0774-603,11W,"5,500,000",https://heatfactory.vn/products/jordan-1-low-chicago-flip
Heat Factory,DC0774-603,11.5W,"5,500,000",https://heatfactory.vn/products/jordan-1-low-chicago-flip
Heat Factory,DC0774-603,12W,"5,500,000",https://heatfactory.vn/products/jordan-1-low-chicago-flip
Heat Factory,553558-501,9,"3,950,000",https://heatfactory.vn/products/jordan-1-low-court-purple-black-1-0
Heat Factory,553558-501,10,"3,950,000",https://heatfactory.vn/products/jordan-1-low-court-purple-black-1-0
Heat Factory,CK3022-005,10.5,"4,300,000",https://heatfactory.vn/products/jordan-1-low-fuchsia-pink
Heat Factory,553558-124,9,"5,200,000",https://heatfactory.vn/products/jordan-1-low-game-royal
Heat Factory,553558-124,9.5,"5,200,000",https://heatfactory.vn/products/jordan-1-low-game-royal
Heat Factory,553558-124,10,"5,200,000",https://heatfactory.vn/products/jordan-1-low-game-royal
Heat Factory,553560-124,6Y,"5,800,000",https://heatfactory.vn/products/jordan-1-low-game-royal
Heat Factory,553560-124,6.5Y,"5,800,000",https://heatfactory.vn/products/jordan-1-low-game-royal
Luckystar,M20325,7.5US,"1,250,000.00",https://theluckystar.vn/products/adidas-stan-smith-navy-1
Luckystar,M20325,8US,"1,250,000.00",https://theluckystar.vn/products/adidas-stan-smith-navy-1
Luckystar,169836C,8US,"5,000,000.00",https://theluckystar.vn/products/converse-kith-x-coca-cola-x-chuck-70-low-navy
Luckystar,169838C,7US,"5,000,000.00",https://theluckystar.vn/products/converse-169838c-coca-cola-red
Luckystar,169838C,7.5US,"5,000,000.00",https://theluckystar.vn/products/converse-169838c-coca-cola-red
Luckystar,169838C,8US,"5,000,000.00",https://theluckystar.vn/products/converse-169838c-coca-cola-red
Luckystar,167954C,6.5US,"4,700,000.00",https://theluckystar.vn/products/converse-chuck-70-x-fear-of-god-essentials
Luckystar,F97187,6.5US,"1,800,000.00",https://theluckystar.vn/products/adidas-harden-vol-4-barbershop
Luckystar,F97187,9.5US,"1,800,000.00",https://theluckystar.vn/products/adidas-harden-vol-4-barbershop
Luckystar,FV5597,9US,"1,800,000.00",https://theluckystar.vn/products/adidas-harden-vol-4-black-white
Luckystar,FV5597,10US,"1,800,000.00",https://theluckystar.vn/products/adidas-harden-vol-4-black-white
Luckystar,EF8648,8US,"1,800,000.00",https://theluckystar.vn/products/adidas-harden-vol-4-gold-metallic
Luckystar,EF8648,8.5US,"1,800,000.00",https://theluckystar.vn/products/adidas-harden-vol-4-gold-metallic
Luckystar,EF8648,9US,"1,800,000.00",https://theluckystar.vn/products/adidas-harden-vol-4-gold-metallic
Luckystar,EF8648,9.5US,"1,800,000.00",https://theluckystar.vn/products/adidas-harden-vol-4-gold-metallic
Luckystar,EG4960,7US,"1,650,000.00",https://theluckystar.vn/products/adidas-superstar-all-white
Luckystar,EG4960,7.5US,"1,650,000.00",https://theluckystar.vn/products/adidas-superstar-all-white
Luckystar,EG4960,8US,"1,650,000.00",https://theluckystar.vn/products/adidas-superstar-all-white
Luckystar,EG4960,5W,"1,650,000.00",https://theluckystar.vn/products/adidas-superstar-all-white
Luckystar,EG4958,7US,"1,250,000.00",https://theluckystar.vn/products/adidas-superstar-white-black
Luckystar,EG4958,7.5US,"1,250,000.00",https://theluckystar.vn/products/adidas-superstar-white-black
Luckystar,EG4958,8US,"1,250,000.00",https://theluckystar.vn/products/adidas-superstar-white-black
Luckystar,EG4958,4Y,"1,250,000.00",https://theluckystar.vn/products/adidas-superstar-white-black
Luckystar,EG4958,5W,"1,250,000.00",https://theluckystar.vn/products/adidas-superstar-white-black
Luckystar,M20325,7.5US,"12,650,000.00",https://theluckystar.vn/products/adidas-stan-smith-navy
Luckystar,M20325,7.5W,"12,650,000.00",https://theluckystar.vn/products/adidas-stan-smith-navy
Luckystar,M20325,8W,"12,650,000.00",https://theluckystar.vn/products/adidas-stan-smith-navy
Luckystar,M20325,8.5W,"12,650,000.00",https://theluckystar.vn/products/adidas-stan-smith-navy
Luckystar,AA3830 100,9US,"9,500,000.00",https://theluckystar.vn/products/the-10-nike-air-presto-x-off-white
Luckystar,DA6809-700,9.5US,"13,500,000.00",https://theluckystar.vn/products/undefeated-x-nike-kobe-5-hall-of-fame
Luckystar,DA6809-700,10.5US,"13,500,000.00",https://theluckystar.vn/products/undefeated-x-nike-kobe-5-hall-of-fame
Luckystar,DA6809-700,9US,"13,500,000.00",https://theluckystar.vn/products/undefeated-x-nike-kobe-5-hall-of-fame
Luckystar,CU7544-400,9US,"3,300,000.00",https://theluckystar.vn/products/ambush-x-dunk-high-deep-royal
Luckystar,CU7544-400,9.5US,"3,300,000.00",https://theluckystar.vn/products/ambush-x-dunk-high-deep-royal
Luckystar,AF5836,8.5US,"5,700,000.00",https://theluckystar.vn/products/adidas-ultra-boost-1-0-burgundy
Luckystar,Gz8981,9.5US,"4,500,000.00",https://theluckystar.vn/products/adidas-x-bape-white
Luckystar,553558025,9.5US,"4,200,000.00",https://theluckystar.vn/products/jordan-1-low-all-black
Luckystar,CJ6952 600,9US,"3,500,000.00",https://theluckystar.vn/products/nike-kyrie-low-2-ep-mr-krabs
Luckystar,CJ6952 600,9.5US,"3,500,000.00",https://theluckystar.vn/products/nike-kyrie-low-2-ep-mr-krabs
Luckystar,CT2537 100,9US,"3,300,000.00",https://theluckystar.vn/products/nike-air-ghost-racer-copy-and-paste
Luckystar,CT2537 100,10US,"3,300,000.00",https://theluckystar.vn/products/nike-air-ghost-racer-copy-and-paste
Luckystar,CW2288 111,8.5us,"5,700,000.00",https://theluckystar.vn/products/air-force-1-all-white
Luckystar,CW2288 111,9US,"5,700,000.00",https://theluckystar.vn/products/air-force-1-all-white
Luckystar,CW2288 111,9.5us,"5,700,000.00",https://theluckystar.vn/products/air-force-1-all-white
Luckystar,CW2288 111,9W,"5,700,000.00",https://theluckystar.vn/products/air-force-1-all-white
Luckystar,CW2288 111,9.5W,"5,700,000.00",https://theluckystar.vn/products/air-force-1-all-white
Luckystar,CW2288 111,10W,"5,700,000.00",https://theluckystar.vn/products/air-force-1-all-white
Luckystar,CW2288 111,10.5W,"5,700,000.00",https://theluckystar.vn/products/air-force-1-all-white
Luckystar,CT1135 900,9US,"3,200,000.00",https://theluckystar.vn/products/kyrie-7-x-concepts-horus
Luckystar,CD0881 103,8.5US,"5,000,000.00",https://theluckystar.vn/products/air-max-90-volt
Luckystar,CW3156 400,9.5US,"2,500,000.00",https://theluckystar.vn/products/lebron-xviii-play-for-the-future
Luckystar,FX6616,7US,"2,500,000.00",https://theluckystar.vn/products/ric-flair-x-dame-7-white-gold-metallic
Luckystar,FX6616,8US,"2,500,000.00",https://theluckystar.vn/products/ric-flair-x-dame-7-white-gold-metallic
Luckystar,H04387,9.5US,"2,500,000.00",https://theluckystar.vn/products/adidas-dame-7-cloud-white
Luckystar,H04387,10US,"2,500,000.00",https://theluckystar.vn/products/adidas-dame-7-cloud-white
Luckystar,FZ1046,10US,"2,500,000.00",https://theluckystar.vn/products/adidas-dame-7-cream-white
Luckystar,FZ1046,7US,"2,500,000.00",https://theluckystar.vn/products/adidas-dame-7-cream-white
Luckystar,FZ1102,9.5US,"2,500,000.00",https://theluckystar.vn/products/adidas-dame-7-fine-china
Luckystar,H67571,6US,"5,200,000.00",https://theluckystar.vn/products/adidas-dame-7-christmas
Luckystar,DJ5185 100,8US,"9,500,000.00",https://theluckystar.vn/products/jordan-1-low-spades
Luckystar,DJ5185 100,9US,"9,500,000.00",https://theluckystar.vn/products/jordan-1-low-spades
Luckystar,555088 134,8US,"5,500,000.00",https://theluckystar.vn/products/jordan-1-high-university-blue
Luckystar,555088 134,8.5US,"5,500,000.00",https://theluckystar.vn/products/jordan-1-high-university-blue
Luckystar,555088 134,9.5US,"5,500,000.00",https://theluckystar.vn/products/jordan-1-high-university-blue
Luckystar,CT8527 400,6Y,"6,700,000.00",https://theluckystar.vn/products/jordan-4-unc
Luckystar,CT8527 400,8.5US,"6,700,000.00",https://theluckystar.vn/products/jordan-4-unc
Luckystar,DD1398 300,7US,"5,000,000.00",https://theluckystar.vn/products/nike-dunk-all-star
Luckystar,CZ2496 100,5Y,"2,700,000.00",https://theluckystar.vn/products/nike-dunk-low-free-99-white
Luckystar,CZ2496 100,6Y,"2,700,000.00",https://theluckystar.vn/products/nike-dunk-low-free-99-white
Luckystar,CZ2496 100,8US,"2,700,000.00",https://theluckystar.vn/products/nike-dunk-low-free-99-white
Luckystar,CZ2496 100,9US,"2,700,000.00",https://theluckystar.vn/products/nike-dunk-low-free-99-white
Luckystar,DD1391 101,8US,"1,700,000.00",https://theluckystar.vn/products/nike-dunk-low-team-green-2021
Luckystar,DD1391 101,9US,"1,700,000.00",https://theluckystar.vn/products/nike-dunk-low-team-green-2021
Luckystar,CI0295 900,8US,"1,650,000.00",https://theluckystar.vn/products/kyrie-5-x-concepts-ikhet
Luckystar,CI2668 004,8.5US,"2,200,000.00",https://theluckystar.vn/products/lebron-16-low-black-python
Luckystar,AO2924 800,6US,"2,300,000.00",https://theluckystar.vn/products/nike-air-max-720-sunrise
Luckystar,A08285 101,7.5US,"6,500,000.00",https://theluckystar.vn/products/nike-air-max-light-white-black-grey-red
Luckystar,AT3057 100,7.5US,"4,000,000.00",https://theluckystar.vn/products/nike-parra-x-air-max-1-parra
Luckystar,AJ1285 602,7US,"3,800,000.00",https://theluckystar.vn/products/nike-air-max-90-essential
Luckystar,AJ1285 602,7.5US,"3,800,000.00",https://theluckystar.vn/products/nike-air-max-90-essential
Luckystar,BQ7306 600,8.5US,"2,750,000.00",https://theluckystar.vn/products/nike-blazer-low-lx-unerversity-red
Luckystar,CZ9084 001,8US,"7,500,000.00",https://theluckystar.vn/products/air-force-1-x-stussy-black
Luckystar,CQ9327 401,8.5US,"10,500,000.00",https://theluckystar.vn/products/kyrie-7-midnight-navy
Luckystar,CQ9327 401,9.5US,"10,500,000.00",https://theluckystar.vn/products/kyrie-7-midnight-navy
Luckystar,CQ9327 401,10.5US,"10,500,000.00",https://theluckystar.vn/products/kyrie-7-midnight-navy
Luckystar,BQ6806 100,10US,"5,500,000.00",https://theluckystar.vn/products/nike-blazer-mid-77-vintage-m-white-black
Luckystar,CU1727 700,8.5US,"3,800,000.00",https://theluckystar.vn/products/dunk-low-brazil
Luckystar,CZ9084 200,8US,"3,800,000.00",https://theluckystar.vn/products/air-force-1-x-stussy-sail
Luckystar,CU1816 100,8.5US,"3,800,000.00",https://theluckystar.vn/products/air-max-90-bacon
Luckystar,CV7562 101,7.5US,"3,900,000.00",https://theluckystar.vn/products/lebron-18-low-atmos-cherry-blossom
Luckystar,CV7562 101,9US,"3,900,000.00",https://theluckystar.vn/products/lebron-18-low-atmos-cherry-blossom
Luckystar,CV7562 101,9.5US,"3,900,000.00",https://theluckystar.vn/products/lebron-18-low-atmos-cherry-blossom
Luckystar,DA6725 100,9US,"3,500,000.00",https://theluckystar.vn/products/cosmic-unity-natural-grey
Luckystar,DA6725 100,10.5US,"3,500,000.00",https://theluckystar.vn/products/cosmic-unity-natural-grey
Luckystar,DA1641 400,8.5US,"3,500,000.00",https://theluckystar.vn/products/air-max-90-premium-obsidian
Luckystar,DA1641 001,7.5US,"3,290,000.00",https://theluckystar.vn/products/air-max-90-prm-light-smoke-grey
Luckystar,DA1641 001,8.5US,"3,290,000.00",https://theluckystar.vn/products/air-max-90-prm-light-smoke-grey
Luckystar,DA1641 001,9US,"3,290,000.00",https://theluckystar.vn/products/air-max-90-prm-light-smoke-grey
Luckystar,CW3935 001,8.5US,"12,000,000.00",https://theluckystar.vn/products/nike-kd-14-floral
Luckystar,CW3935 001,9.5US,"12,000,000.00",https://theluckystar.vn/products/nike-kd-14-floral
Luckystar,CW3935 001,10.5US,"12,000,000.00",https://theluckystar.vn/products/nike-kd-14-floral
Luckystar,CW3935 001,11US,"12,000,000.00",https://theluckystar.vn/products/nike-kd-14-floral
Luckystar,CQ9327 006,10.5us,"2,500,000.00",https://theluckystar.vn/products/kyrie-7-chinese-new-year
Luckystar,CQ9326 100,10us,"1,450,000.00",https://theluckystar.vn/products/kyrie-7-brooklyn-beats
Luckystar,AA1256 405,11us,"4,200,000.00",https://theluckystar.vn/products/nike-air-jordan-32-low-michigan-wolverines
Luckystar,BV0073 400,5US,"1,900,000.00",https://theluckystar.vn/products/nike-sacai-x-ldwaffle-varsity-blue
Luckystar,CI2668 101,8us,"2,900,000.00",https://theluckystar.vn/products/lebron-xvi-team-usa-low
Luckystar,162051C,8us,"2,860,000.00",https://theluckystar.vn/products/converse-chuck-70-high-ox-burgundy
Luckystar,162051C,8.5us,"2,860,000.00",https://theluckystar.vn/products/converse-chuck-70-high-ox-burgundy
Luckystar,BQ6931 402,6Y,"6,500,000.00",https://theluckystar.vn/products/jordan-1-mid-signal-blue
Luckystar,BQ6931 402,9.5US,"6,500,000.00",https://theluckystar.vn/products/jordan-1-mid-signal-blue
Luckystar,CD4962 001,7US,"3,700,000.00",https://theluckystar.vn/products/freak-1-all-star
Luckystar,BQ5422 003,8.5us,"5,500,000.00",https://theluckystar.vn/products/freak-1-soul-glo
Luckystar,CT4080 001,7Y,"5,200,000.00",https://theluckystar.vn/products/kyrie-7-raygun
Luckystar,CT4080 001,9.5US,"5,200,000.00",https://theluckystar.vn/products/kyrie-7-raygun
Luckystar,169839C,8us,"5,500,000.00",https://theluckystar.vn/products/converse-feng-chen-wang-black-white
Luckystar,DC0588 002,11us,"3,200.00",https://theluckystar.vn/products/kyrie-7-soundwave
Luckystar,CQ9541 704,9.5US,"9,790,000.00",https://theluckystar.vn/products/jordan-5-michigan-1
Luckystar,CW3143 001,7.5US,"8,140,000.00",https://theluckystar.vn/products/pg-5-black
Luckystar,CW3143 001,8.5US,"8,140,000.00",https://theluckystar.vn/products/pg-5-black
Luckystar,CW3143 001,9.5US,"8,140,000.00",https://theluckystar.vn/products/pg-5-black
Luckystar,CW3143 001,10.5US,"8,140,000.00",https://theluckystar.vn/products/pg-5-black
Luckystar,CW3143 001,11US,"8,140,000.00",https://theluckystar.vn/products/pg-5-black
Luckystar,852542 104,9.5US,"8,690,000.00",https://theluckystar.vn/products/jordan-1-mid-usa
Luckystar,CZ8915 100,10US,"6,050,000.00",https://theluckystar.vn/products/lebron-vii-mvp
Luckystar,CI2668 003,8.5US,"4,180,000.00",https://theluckystar.vn/products/lebron-xvi-grey-low-1
Luckystar,EG7597,7US,"3,300,000.00",https://theluckystar.vn/products/yeezy-boost-700-inertia
Luckystar,FW5190,5US,"9,500,000.00",https://theluckystar.vn/products/yeezy-boost-350-v2-yecheil
Luckystar,EG7487,11US,"10,340,000.00",https://theluckystar.vn/products/yeezy-boost-700-salt
Luckystar,CT0978 005,8.5US,"11,500,000.00",https://theluckystar.vn/products/jordan-1-retro-high-zoom-court-purple
Luckystar,BY2671,5.5US,"15,840,000.00",https://theluckystar.vn/products/adidas-tennis-hu-pharrell-light-blue
Luckystar,555088 118,8.5US,"1,400,000.00",https://theluckystar.vn/products/jordan-1-high-volt-gold
Luckystar,555088 118,9US,"1,400,000.00",https://theluckystar.vn/products/jordan-1-high-volt-gold
Luckystar,553560 606,6Y,"2,420,000.00",https://theluckystar.vn/products/jordan-1-low-reverse-bread
Luckystar,553560 606,8US,"2,420,000.00",https://theluckystar.vn/products/jordan-1-low-reverse-bread
Luckystar,553560 606,9.5US,"2,420,000.00",https://theluckystar.vn/products/jordan-1-low-reverse-bread
Luckystar,CW5564 001,11US,"2,800,000.00",https://theluckystar.vn/products/jordan-1-low-spray-paint
Luckystar,555088 402,8US,"1,900,000.00",https://theluckystar.vn/products/jordan-1-high-hyper-royal
Luckystar,DD1390 100,9.5US,"1,800,000.00",https://theluckystar.vn/products/dunk-low-medium-curry
Luckystar,OMIA189R21LEA0010110,8,"4,950,000.00",https://theluckystar.vn/products/off-white-out-of-office-calf-leather-white-black
Luckystar,OMIA139R208000530133,10,"2,200,000.00",https://theluckystar.vn/products/off-white-odsy-1000-ss20-light-grey
Luckystar,942851 006,8US,"3,500,000.00",https://theluckystar.vn/products/nike-pegasus-35-thunder-grey-bright-crimson
Luckystar,VN0A3QXZSO0,5.5US,"2,750,000.00",https://theluckystar.vn/products/vans-black-ball-sf-marshmallow-red
Luckystar,F36155,8US,"6,300,000.00",https://theluckystar.vn/products/adidas-ultraboost-4-0-non-dyed-white
Luckystar,AO4054 004,11US,"3,000,000.00",https://theluckystar.vn/products/nike-lebron-soldier-12-air-raid-no-lid
Luckystar,FY0152,9US,"900,000.00",https://theluckystar.vn/products/zx-runner-4d-shoes
Luckystar,CN0866 001,11US,"1,900,000.00",https://theluckystar.vn/products/air-force-1-low-recycled-iron-grey
Luckystar,CQ4230 001,8.5US,"2,400,000.00",https://theluckystar.vn/products/jordan-why-not-zerr0-4-familly
Luckystar,CQ4230 001,9US,"2,400,000.00",https://theluckystar.vn/products/jordan-why-not-zerr0-4-familly
Luckystar,CQ4230 001,9.5US,"2,400,000.00",https://theluckystar.vn/products/jordan-why-not-zerr0-4-familly
Luckystar,CQ4230 001,10.5US,"2,400,000.00",https://theluckystar.vn/products/jordan-why-not-zerr0-4-familly
Luckystar,DD1391 002,7US,"2,100,000.00",https://theluckystar.vn/products/dunk-low-sp-unlv
Luckystar,DD1391 002,8US,"2,100,000.00",https://theluckystar.vn/products/dunk-low-sp-unlv
Luckystar,DD1391 002,9US,"2,100,000.00",https://theluckystar.vn/products/dunk-low-sp-unlv
Luckystar,DD1391 002,9.5US,"2,100,000.00",https://theluckystar.vn/products/dunk-low-sp-unlv
Luckystar,163170C,8.5US,"9,500,000.00",https://theluckystar.vn/products/converse-golf-le-fleur-x-chuck-70-hi-parchment-canvas
Luckystar,VN0A3WMDVO4,4.5US,"2,500,000.00",https://theluckystar.vn/products/vans-slip-on-checker
Luckystar,VN0A3WMDVO4,6.5US,"2,500,000.00",https://theluckystar.vn/products/vans-slip-on-checker
Luckystar,878627 500,9.5US,"4,500,000.00",https://theluckystar.vn/products/pg-1-bright-violet-no-box
Luckystar,AT8087 002,8.5US,"2,500,000.00",https://theluckystar.vn/products/nike-air-fear-of-god-raid-black
Luckystar,CD4962 001,7US,"8,990,000.00",https://theluckystar.vn/products/nike-zoom-freak-1-coming-to-america
Luckystar,AT2865 002,9US,"2,500,000.00",https://theluckystar.vn/products/air-max-95-og-black-metallic-gold-white-no-lid
Luckystar,CQ3869 500,10.5US,"2,500,000.00",https://theluckystar.vn/products/kobe-iv-undefeated-los-angeles-lakers
Luckystar,BQ2752 001,8US,"3,200,000.00",https://theluckystar.vn/products/fear-of-god-skylon-black
Luckystar,BQ2752 001,9.5US,"3,200,000.00",https://theluckystar.vn/products/fear-of-god-skylon-black
Luckystar,CD5079 003,10US,"3,500,000.00",https://theluckystar.vn/products/pg-4-bred
Luckystar,167955C,6US,"12,500,000.00",https://theluckystar.vn/products/converse-fog-high-natural
Luckystar,167955C,9.5US,"12,500,000.00",https://theluckystar.vn/products/converse-fog-high-natural
Luckystar,167955C,10US,"12,500,000.00",https://theluckystar.vn/products/converse-fog-high-natural
Luckystar,CN8574 100,7Y,"8,000,000.00",https://theluckystar.vn/products/freak-2-white-cement
Luckystar,CN8574 100,8.5US,"8,000,000.00",https://theluckystar.vn/products/freak-2-white-cement
Luckystar,CD5079 005,9.5US,"3,850,000.00",https://theluckystar.vn/products/pg4-all-black
Luckystar,BQ5397 001,7.5US,"3,500,000.00",https://theluckystar.vn/products/nike-adapt-bb-2-0-black-1
Luckystar,BQ5397 001,8US,"3,500,000.00",https://theluckystar.vn/products/nike-adapt-bb-2-0-black-1
Luckystar,BQ5620 001,7Y,"4,500,000.00",https://theluckystar.vn/products/kyrie-flytrap-iii-black-volt
Luckystar,BQ5620 001,10US,"4,500,000.00",https://theluckystar.vn/products/kyrie-flytrap-iii-black-volt
Luckystar,BQ3060 008,9.5US,"4,200,000.00",https://theluckystar.vn/products/kyrie-flytrap-iii-black-gold-1
Luckystar,BQ3060 008,10US,"4,200,000.00",https://theluckystar.vn/products/kyrie-flytrap-iii-black-gold-1
Luckystar,CU5625 122,7US,"7,500,000.00",https://theluckystar.vn/products/air-force-1-electric-green-red
Luckystar,CJ9178 200,6US,"6,500,000.00",https://theluckystar.vn/products/air-force-1-high-wheat
Luckystar,CJ9178 200,10US,"6,500,000.00",https://theluckystar.vn/products/air-force-1-high-wheat
Luckystar,DD3035 200,9US,"6,000,000.00",https://theluckystar.vn/products/nike-vaporwaffle-sacai-villain-red-neptune-green
Luckystar,DD1391 100,8US,"8,250,000.00",https://theluckystar.vn/products/dunk-low-black-white
Luckystar,DD1391 100,9US,"8,250,000.00",https://theluckystar.vn/products/dunk-low-black-white
Luckystar,DD1391 100,9.5US,"8,250,000.00",https://theluckystar.vn/products/dunk-low-black-white
Luckystar,DD1391 100,10W,"8,250,000.00",https://theluckystar.vn/products/dunk-low-black-white
Luckystar,CQ9283 900,9.5US,"6,500,000.00",https://theluckystar.vn/products/lebron-18-graffiti
Luckystar,CQ9283 900,11US,"6,500,000.00",https://theluckystar.vn/products/lebron-18-graffiti
Luckystar,AT4143 101,8.5US,"3,500,000.00",https://theluckystar.vn/products/air-force-1-low-07-premium-oversize-swoosh-sail
Luckystar,BQ4630 004,11us,"3,750,000.00",https://theluckystar.vn/products/nike-kyrie-6-shutter-shades
Luckystar,BQ4630 004,7y,"3,750,000.00",https://theluckystar.vn/products/nike-kyrie-6-shutter-shades
Luckystar,DD4887 007,9US,"5,000,000.00",https://theluckystar.vn/products/why-not-zer0-4-photon-dust
Luckystar,DD4887 007,9.5US,"5,000,000.00",https://theluckystar.vn/products/why-not-zer0-4-photon-dust
Luckystar,CZ7745 008,10.5US,"4,700,000.00",https://theluckystar.vn/products/jordan-xxxiv-low-print
Luckystar,CT8012 011,9US,"4,200,000.00",https://theluckystar.vn/products/jordan-11-jubilee-25th-anniversary
Luckystar,CT8529 106,9.5US,"4,200,000.00",https://theluckystar.vn/products/jordan-6-retro-carmine
Luckystar,DB3335 100,9.5US,"8,800,000.00",https://theluckystar.vn/products/jordan-5-alternate-bel-air
Luckystar,DB0732-200,11US,"12,000,000.00",https://theluckystar.vn/products/jordan-4-taupe-haze
Luckystar,CZ6433 100,9.5US,"8,000,000.00",https://theluckystar.vn/products/air-jordan-3-se-t-fire-red-japan-exclusive
Luckystar,CZ8455 100,9.5US,"7,500,000.00",https://theluckystar.vn/products/jordan-1-low-washed-denim
Luckystar,CQ9447 700,9US,"2,490,000.00",https://theluckystar.vn/products/jordan-1-cq9447-700-low-gold-toe
Luckystar,CQ9447 700,9.5US,"2,490,000.00",https://theluckystar.vn/products/jordan-1-cq9447-700-low-gold-toe
Luckystar,CQ9447 700,10US,"2,490,000.00",https://theluckystar.vn/products/jordan-1-cq9447-700-low-gold-toe
Luckystar,553558 605,8US,"2,800,000.00",https://theluckystar.vn/products/jordan-1-low-bred-peppled-swoosh
Luckystar,554724 068,9US,"3,500,000.00",https://theluckystar.vn/products/jordan-1-mid-black-royal
Luckystar,852542 100,9US,"2,900,000.00",https://theluckystar.vn/products/jordan-1-mid-union-black-toe
Luckystar,852542 100,9.5US,"2,900,000.00",https://theluckystar.vn/products/jordan-1-mid-union-black-toe
Luckystar,554725 074,4Y,"3,200,000.00",https://theluckystar.vn/products/jordan-1-mid-bred
Luckystar,554725 074,5Y,"3,200,000.00",https://theluckystar.vn/products/jordan-1-mid-bred
Luckystar,554725 074,6Y,"3,200,000.00",https://theluckystar.vn/products/jordan-1-mid-bred
Luckystar,554725 074,6.5Y,"3,200,000.00",https://theluckystar.vn/products/jordan-1-mid-bred
Luckystar,554725 074,8US,"3,200,000.00",https://theluckystar.vn/products/jordan-1-mid-bred
Luckystar,554725 074,9US,"3,200,000.00",https://theluckystar.vn/products/jordan-1-mid-bred
Luckystar,554725 074,9.5US,"3,200,000.00",https://theluckystar.vn/products/jordan-1-mid-bred
Luckystar,554725 075,5Y,"2,300,000.00",https://theluckystar.vn/products/jordan-1-mid-chile-red
Luckystar,554725 075,5.5Y,"2,300,000.00",https://theluckystar.vn/products/jordan-1-mid-chile-red
Luckystar,554725 075,6Y,"2,300,000.00",https://theluckystar.vn/products/jordan-1-mid-chile-red
Luckystar,554725 075,8.5US,"2,300,000.00",https://theluckystar.vn/products/jordan-1-mid-chile-red
Luckystar,554725 075,9US,"2,300,000.00",https://theluckystar.vn/products/jordan-1-mid-chile-red
Luckystar,554725 075,10US,"2,300,000.00",https://theluckystar.vn/products/jordan-1-mid-chile-red
Luckystar,DD2192 001,5.5Y,"3,000,000.00",https://theluckystar.vn/products/jordan-1-mid-carbon-fiber
Luckystar,DD2192 001,6Y,"3,000,000.00",https://theluckystar.vn/products/jordan-1-mid-carbon-fiber
Luckystar,DD2192 001,6.5Y,"3,000,000.00",https://theluckystar.vn/products/jordan-1-mid-carbon-fiber
Luckystar,DD2192 001,8.5US,"3,000,000.00",https://theluckystar.vn/products/jordan-1-mid-carbon-fiber
Luckystar,DD2192 001,9US,"3,000,000.00",https://theluckystar.vn/products/jordan-1-mid-carbon-fiber
Luckystar,DD2192 001,9.5US,"3,000,000.00",https://theluckystar.vn/products/jordan-1-mid-carbon-fiber
Luckystar,DD2192 001,10US,"3,000,000.00",https://theluckystar.vn/products/jordan-1-mid-carbon-fiber
Luckystar,554724 077,8.5US,"2,800,000.00",https://theluckystar.vn/products/jordan-1-mid-hyper-royal
Luckystar,554724 077,9US,"2,800,000.00",https://theluckystar.vn/products/jordan-1-mid-hyper-royal
Luckystar,DD6834 802,8.5US,"2,600,000.00",https://theluckystar.vn/products/jordan-1-mid-turf-orange
Luckystar,DD6834 802,6Y,"2,600,000.00",https://theluckystar.vn/products/jordan-1-mid-turf-orange
Luckystar,DD6834 802,7Y,"2,600,000.00",https://theluckystar.vn/products/jordan-1-mid-turf-orange
Luckystar,852542 003,9.5US,"4,500,000.00",https://theluckystar.vn/products/jordan-1-mid-light-bone
Luckystar,CK6637 104,8.5US,"3,000,000.00",https://theluckystar.vn/products/jordan-1-high-zoom-white-racer-blue
Luckystar,DB3610 105,8.5US,"3,200,000.00",https://theluckystar.vn/products/jordan-1-high-zoom-air-cmft-psg
Luckystar,DB3610 105,9US,"3,200,000.00",https://theluckystar.vn/products/jordan-1-high-zoom-air-cmft-psg
Luckystar,DB3610 105,10US,"3,200,000.00",https://theluckystar.vn/products/jordan-1-high-zoom-air-cmft-psg
Luckystar,555088 126,8.5US,"3,000,000.00",https://theluckystar.vn/products/jordan-1-retro-high-light-smoke-grey
Luckystar,555088 126,9US,"3,000,000.00",https://theluckystar.vn/products/jordan-1-retro-high-light-smoke-grey
Luckystar,BY1795,7.5us,"3,200,000.00",https://theluckystar.vn/products/ultra-boost-2-0-black-reflective
Luckystar,BY1795,7us,"3,200,000.00",https://theluckystar.vn/products/ultra-boost-2-0-black-reflective
Luckystar,B37705,8.5us,"590,000.00",https://theluckystar.vn/products/ultra-boost-19-beige-navy
Luckystar,369860 01,7us,"2,800,000.00",https://theluckystar.vn/products/puma-cell-venom-ader-error
Luckystar,CD5079 101,7.5us,"3,200,000.00",https://theluckystar.vn/products/pg-4-usa
Luckystar,CD5079 101,8.5us,"3,200,000.00",https://theluckystar.vn/products/pg-4-usa
Luckystar,CD5079 101,9us,"3,200,000.00",https://theluckystar.vn/products/pg-4-usa
Luckystar,CD5079 101,10us,"3,200,000.00",https://theluckystar.vn/products/pg-4-usa
Luckystar,CD5079 101,11us,"3,200,000.00",https://theluckystar.vn/products/pg-4-usa
Luckystar,CD5079 101,11.5us,"3,200,000.00",https://theluckystar.vn/products/pg-4-usa
Luckystar,CD5079 002,8.5us,"7,000,000.00",https://theluckystar.vn/products/pg-4-grey-plaid
Luckystar,CD5079 004,9.5us,"3,500,000.00",https://theluckystar.vn/products/pg-4-black-grey-teal
Luckystar,CD5079 001,8.5us,"3,900,000.00",https://theluckystar.vn/products/pg-4-black
Luckystar,CD5079 100,11.5us,"3,900,000.00",https://theluckystar.vn/products/nike-pg-4-oreo
Luckystar,CD5079 100,12US,"3,900,000.00",https://theluckystar.vn/products/nike-pg-4-oreo
Luckystar,CD5079 100,7.5US,"3,900,000.00",https://theluckystar.vn/products/nike-pg-4-oreo
Luckystar,AO2609 401,10.5us,"3,500,000.00",https://theluckystar.vn/products/nike-lebron-zoom-soldier-12-blackened-blue
Luckystar,CQ9283 200,9.5US,"4,200,000.00",https://theluckystar.vn/products/lebron-xvii-cq9283-200-james-gang
Luckystar,CQ9283 200,9US,"4,200,000.00",https://theluckystar.vn/products/lebron-xvii-cq9283-200-james-gang
Luckystar,CJ1286 100,8us,"5,500,000.00",https://theluckystar.vn/products/nike-kyrie-low-3-white-black-glow
Luckystar,CJ1286 100,10us,"5,500,000.00",https://theluckystar.vn/products/nike-kyrie-low-3-white-black-glow
Luckystar,CJ1286 100,10.5us,"5,500,000.00",https://theluckystar.vn/products/nike-kyrie-low-3-white-black-glow
Luckystar,DA1348 001,9.5us,"3,500,000.00",https://theluckystar.vn/products/nike-kyrie-6-n7-black-platinum-citron
Luckystar,CJ1286 001,10US,"3,500,000.00",https://theluckystar.vn/products/kyrie-3-cj1286-001-moond-white-black
Luckystar,CJ1286 001,10.5US,"3,500,000.00",https://theluckystar.vn/products/kyrie-3-cj1286-001-moond-white-black
Luckystar,CJ1286 001,11US,"3,500,000.00",https://theluckystar.vn/products/kyrie-3-cj1286-001-moond-white-black
Luckystar,AT0320 400,10.5us,"3,300,000.00",https://theluckystar.vn/products/nike-kyrie-4-n7
Luckystar,DA0907 002,10us,"8,000,000.00",https://theluckystar.vn/products/nike-freak-2-naija
Luckystar,CK5424 001,8.5us,"8,000,000.00",https://theluckystar.vn/products/nike-freak-2-back-white
Luckystar,CK5424 001,10.5us,"8,000,000.00",https://theluckystar.vn/products/nike-freak-2-back-white
Luckystar,CK5424 001,9us,"8,000,000.00",https://theluckystar.vn/products/nike-freak-2-back-white
Luckystar,CK5424 001,7us,"8,000,000.00",https://theluckystar.vn/products/nike-freak-2-back-white
Luckystar,DA1469 001,8.5us,"8,700,000.00",https://theluckystar.vn/products/nike-dunk-low-ceramic
Luckystar,DA1469 200,9us,"7,500,000.00",https://theluckystar.vn/products/nike-dunk-low-veneer
Luckystar,BQ2752 001,9.5us,"1,600,000.00",https://theluckystar.vn/products/nike-air-skylon-2-fear-of-god-black-sail
Luckystar,BQ2752 001,8us,"1,600,000.00",https://theluckystar.vn/products/nike-air-skylon-2-fear-of-god-black-sail
Luckystar,537384 100,9.5us,"4,800,000.00",https://theluckystar.vn/products/nike-air-max-90-chlorine-blue
Luckystar,BQ5397 001,8us,"3,300,000.00",https://theluckystar.vn/products/nike-adapt-bb-2-0-black
Luckystar,BQ5397 001,7.5us,"3,300,000.00",https://theluckystar.vn/products/nike-adapt-bb-2-0-black
Luckystar,CQ9283 004,7.5US,"3,300,000.00",https://theluckystar.vn/products/lebron-xviii-lakers
Luckystar,CQ9283 004,9.5US,"3,300,000.00",https://theluckystar.vn/products/lebron-xviii-lakers
Luckystar,CQ9283 004,10US,"3,300,000.00",https://theluckystar.vn/products/lebron-xviii-lakers
Luckystar,CQ9283 001,8.5us,"6,500,000.00",https://theluckystar.vn/products/lebron-xviii-bred
Luckystar,CQ9283 001,9.5us,"6,500,000.00",https://theluckystar.vn/products/lebron-xviii-bred
Luckystar,CD5007 101,10.5us,"4,500,000.00",https://theluckystar.vn/products/lebron-xvii-low-white-metallic-gold
Luckystar,CT1971 200,10.5us,"7,000,000.00",https://theluckystar.vn/products/kyrie-s2-hybrid-desert-camo
Luckystar,CT1971 200,10us,"7,000,000.00",https://theluckystar.vn/products/kyrie-s2-hybrid-desert-camo
Luckystar,CQ9323 400,7Y,"5,500,000.00",https://theluckystar.vn/products/kybrid-s2-cq9323-400-blue-void
Luckystar,CQ9323 400,10.5US,"5,500,000.00",https://theluckystar.vn/products/kybrid-s2-cq9323-400-blue-void
Luckystar,DC0588 400,11us,"6,000,000.00",https://theluckystar.vn/products/kyrie-7-special-fx
Luckystar,CQ9326 400,7.5us,"4,500,000.00",https://theluckystar.vn/products/kyrie-7-sisterhood
Luckystar,CQ9326 400,8.5us,"4,500,000.00",https://theluckystar.vn/products/kyrie-7-sisterhood
Luckystar,CQ9326 400,11.5us,"4,500,000.00",https://theluckystar.vn/products/kyrie-7-sisterhood
Luckystar,CQ9326 400,9.5us,"4,500,000.00",https://theluckystar.vn/products/kyrie-7-sisterhood
Luckystar,CT4608 601,5y,"9,790,000.00",https://theluckystar.vn/products/kyrie-7-creator
Luckystar,CT4608 601,6.5y,"9,790,000.00",https://theluckystar.vn/products/kyrie-7-creator
Luckystar,CT4608 601,10US,"9,790,000.00",https://theluckystar.vn/products/kyrie-7-creator
Luckystar,CQ9326 001,9us,"1,500,000.00",https://theluckystar.vn/products/kyrie-7-black-red
Luckystar,CQ9326 001,12us,"1,500,000.00",https://theluckystar.vn/products/kyrie-7-black-red
Luckystar,CQ9326 001,9.5us,"1,500,000.00",https://theluckystar.vn/products/kyrie-7-black-red
Luckystar,CQ9326 001,10.5us,"1,500,000.00",https://theluckystar.vn/products/kyrie-7-black-red
Luckystar,BQ5599 500,6y,"1,500,000.00",https://theluckystar.vn/products/kyrie-6-bg-enlightenment
Luckystar,BQ5599 500,10.5us,"1,500,000.00",https://theluckystar.vn/products/kyrie-6-bg-enlightenment
Luckystar,BQ5599 500,11us,"1,500,000.00",https://theluckystar.vn/products/kyrie-6-bg-enlightenment
Luckystar,CJ1286 600,11US,"7,500,000.00",https://theluckystar.vn/products/kyrie-3-cj1286-600-low-atomic-pink-stone-blue
Luckystar,CZ6499 900,8.5us,"1,800,000.00",https://theluckystar.vn/products/kobe-v-undftd-dirty-dozen
Luckystar,CD4991 700,9.5us,"1,350,000.00",https://theluckystar.vn/products/kobe-v-cd4991-700-bruce-lee-yellow
Luckystar,CD4991 101,9.5us,"5,000,000.00",https://theluckystar.vn/products/kobe-v-cd4991-101-bruce-lee-white
Luckystar,CT8014 100,8.5us,"2,200,000.00",https://theluckystar.vn/products/kobe-v-big-stage
Luckystar,CT8014 100,8us,"2,200,000.00",https://theluckystar.vn/products/kobe-v-big-stage
Luckystar,CQ3869 001,10us,"3,900,000.00",https://theluckystar.vn/products/kobe-iv-undefeated-black-mamba
Luckystar,852409 696,9.5us,"15,000,000.00",https://theluckystar.vn/products/kd-9-xmas
Luckystar,DC0011 600,8.5us,"10,500,000.00",https://theluckystar.vn/products/kd-13-aunt-pearl
Luckystar,DC0011 600,9,"10,500,000.00",https://theluckystar.vn/products/kd-13-aunt-pearl
Luckystar,CK6611 101,8.5us,"2,800,000.00",https://theluckystar.vn/products/jordan-why-not-zer0-3-se-flash-crimson
Luckystar,CK6611 101,10.5us,"2,800,000.00",https://theluckystar.vn/products/jordan-why-not-zer0-3-se-flash-crimson
Luckystar,CK6611 800,9.5us,"3,500,000.00",https://theluckystar.vn/products/jordan-why-not-zer0-3-se-atomic-orange
Luckystar,CK6611 800,9us,"3,500,000.00",https://theluckystar.vn/products/jordan-why-not-zer0-3-se-atomic-orange
Luckystar,CK6611 800,10US,"3,500,000.00",https://theluckystar.vn/products/jordan-why-not-zer0-3-se-atomic-orange
Luckystar,AQ3835 160,8.5us,"3,500,000.00",https://theluckystar.vn/products/jordan-3-tinker-black
Luckystar,DC1788-029,6Y,"6,500,000.00",https://theluckystar.vn/products/jordan-1-retro-high-co-japan-neutral-grey